{
  "name": "",
  "symbol": "",
  "description": "",
  "creators": [],
  "collection": {},
  "breakdown": {
    "background": {
      "blue.png": 0.04,
      "brown.png": 0.04,
      "flesh.png": 0.05,
      "green.png": 0.02,
      "light-blue.png": 0.06,
      "light-green.png": 0.01,
      "light-pink.png": 0.07,
      "light-purple.png": 0.05,
      "light-yellow.png": 0.06,
      "orange.png": 0.07,
      "pink.png": 0.02,
      "purple.png": 0.03,
      "red.png": 0.05,
      "yellow.png": 0.43
    },
    "eyes": {
      "egg-eyes.png": 0.3,
      "heart-eyes.png": 0.12,
      "square-eyes.png": 0.02,
      "star-eyes.png": 0.56
    },
    "face": {
      "cyan-face.png": 0.07,
      "dark-green-face.png": 0.04,
      "flesh-face.png": 0.03,
      "gold-face.png": 0.11,
      "grapefruit-face.png": 0.07,
      "green-face.png": 0.05,
      "pink-face.png": 0.05,
      "purple-face.png": 0.02,
      "sun-face.png": 0.1,
      "teal-face.png": 0.46
    },
    "mouth": {
      "block-mouth.png": 0.23,
      "smile-mouth.png": 0.09,
      "triangle-mouth.png": 0.68
    }
  },
  "order": ["background", "face", "eyes", "mouth"],
  "width": 1000,
  "height": 1000
}
